n,blood_only,liver_only,shared,jaccard
200,183,183,17,0.044386422976501305
500,416,416,84,0.09170305676855896
1000,777,777,223,0.12549240292628025
